{"_type":"export","__export_format":4,"__export_date":"2023-09-29T14:36:27.335Z","__export_source":"insomnia.desktop.app:v2023.5.8","resources":[{"_id":"req_d0714b76e51f460d8b8e3c3fbccc4728","parentId":"fld_0012fc30e7bb43e28444efffe0f22eec","modified":1695997846945,"created":1695996144248,"url":"http://localhost:3000/bebes/3","name":"Altera registro (nome do bb)","description":"","method":"PATCH","body":{"mimeType":"application/json","text":"{\n    \"nome\": \"Heloisa Maria\"\n}\n"},"parameters":[],"headers":[{"name":"Content-Type","value":"application/json"},{"name":"User-Agent","value":"insomnia/2023.5.8"}],"authentication":{},"metaSortKey":-1695996144248,"isPrivate":false,"settingStoreCookies":true,"settingSendCookies":true,"settingDisableRenderRequestBody":false,"settingEncodeUrl":true,"settingRebuildPath":true,"settingFollowRedirects":"global","_type":"request"},{"_id":"fld_0012fc30e7bb43e28444efffe0f22eec","parentId":"fld_2976dff9ec8c4954980fb785fad40237","modified":1695992326834,"created":1695992326834,"name":"Bebê","description":"","environment":{},"environmentPropertyOrder":null,"metaSortKey":-1695992326834,"_type":"request_group"},{"_id":"fld_2976dff9ec8c4954980fb785fad40237","parentId":"wrk_fdcbbe755ce04f2192e241db17ed65c4","modified":1695992296997,"created":1695992296997,"name":"Bercario","description":"","environment":{},"environmentPropertyOrder":null,"metaSortKey":-1695992296997,"_type":"request_group"},{"_id":"wrk_fdcbbe755ce04f2192e241db17ed65c4","parentId":null,"modified":1692368679279,"created":1692368679279,"name":"My Collection","description":"","scope":"collection","_type":"workspace"},{"_id":"req_cc17ed4ca0b14ed8a2f3592474af3c4b","parentId":"fld_0012fc30e7bb43e28444efffe0f22eec","modified":1695992442169,"created":1695992331727,"url":"http://localhost:3000/bebes","name":"LISTAR BEBÊS","description":"","method":"GET","body":{"mimeType":"application/json","text":""},"parameters":[],"headers":[{"name":"Content-Type","value":"application/json"},{"name":"User-Agent","value":"insomnia/2023.5.8"}],"authentication":{},"metaSortKey":-1695992331727,"isPrivate":false,"settingStoreCookies":true,"settingSendCookies":true,"settingDisableRenderRequestBody":false,"settingEncodeUrl":true,"settingRebuildPath":true,"settingFollowRedirects":"global","_type":"request"},{"_id":"req_b59ada2aa4194693ac03b6e877f4ede2","parentId":"fld_0012fc30e7bb43e28444efffe0f22eec","modified":1695995862229,"created":1695992330055,"url":"http://localhost:3000/bebes","name":"REGISTRAR BEBÊS","description":"","method":"POST","body":{"mimeType":"application/json","text":"{\n\"nome\": \"Catarina Maria\",\n\"data_nasc\": \"2023-09-05\",\n\"peso\": 2.3,\n\"altura\": 34,\n\"mae_id\": 2,\n\"medico_id\": 2\n}\n\n"},"parameters":[],"headers":[{"name":"Content-Type","value":"application/json"},{"name":"User-Agent","value":"insomnia/2023.5.8"}],"authentication":{},"metaSortKey":-1695992330056,"isPrivate":false,"settingStoreCookies":true,"settingSendCookies":true,"settingDisableRenderRequestBody":false,"settingEncodeUrl":true,"settingRebuildPath":true,"settingFollowRedirects":"global","_type":"request"},{"_id":"req_5fa2a6c709754bb3a9659d04af446f42","parentId":"fld_696108f0c0d0422f84cdb9873a0d4695","modified":1695995397575,"created":1695992333982,"url":"http://localhost:3000/medicos","name":"LISTAR MÉDICOS","description":"","method":"GET","body":{"mimeType":"application/json","text":""},"parameters":[],"headers":[{"name":"Content-Type","value":"application/json"},{"name":"User-Agent","value":"insomnia/2023.5.8"}],"authentication":{},"metaSortKey":-1695992333982,"isPrivate":false,"settingStoreCookies":true,"settingSendCookies":true,"settingDisableRenderRequestBody":false,"settingEncodeUrl":true,"settingRebuildPath":true,"settingFollowRedirects":"global","_type":"request"},{"_id":"fld_696108f0c0d0422f84cdb9873a0d4695","parentId":"fld_2976dff9ec8c4954980fb785fad40237","modified":1695992320398,"created":1695992320398,"name":"Médico","description":"","environment":{},"environmentPropertyOrder":null,"metaSortKey":-1695992320398,"_type":"request_group"},{"_id":"req_fe44637985294475af175d1d3d900217","parentId":"fld_7101a317ed4f4efa8e2be62ce38d362b","modified":1695995406326,"created":1695992336922,"url":"http://localhost:3000/maes","name":"LISTAR MÃES","description":"","method":"GET","body":{"mimeType":"application/json","text":""},"parameters":[],"headers":[{"name":"Content-Type","value":"application/json"},{"name":"User-Agent","value":"insomnia/2023.5.8"}],"authentication":{},"metaSortKey":-1695992336922,"isPrivate":false,"settingStoreCookies":true,"settingSendCookies":true,"settingDisableRenderRequestBody":false,"settingEncodeUrl":true,"settingRebuildPath":true,"settingFollowRedirects":"global","_type":"request"},{"_id":"fld_7101a317ed4f4efa8e2be62ce38d362b","parentId":"fld_2976dff9ec8c4954980fb785fad40237","modified":1695992314364,"created":1695992314364,"name":"Mãe","description":"","environment":{},"environmentPropertyOrder":null,"metaSortKey":-1695992314364,"_type":"request_group"},{"_id":"env_06d0c58e403f8edcd60903aee66f9ef997ce6648","parentId":"wrk_fdcbbe755ce04f2192e241db17ed65c4","modified":1692368679291,"created":1692368679291,"name":"Base Environment","data":{},"dataPropertyOrder":null,"color":null,"isPrivate":false,"metaSortKey":1692368679291,"_type":"environment"},{"_id":"jar_06d0c58e403f8edcd60903aee66f9ef997ce6648","parentId":"wrk_fdcbbe755ce04f2192e241db17ed65c4","modified":1692368679296,"created":1692368679296,"name":"Default Jar","cookies":[],"_type":"cookie_jar"},{"_id":"spc_826ba594395042d88896d97d0dc4b18a","parentId":"wrk_fdcbbe755ce04f2192e241db17ed65c4","modified":1692368679281,"created":1692368679281,"fileName":"My Collection","contents":"","contentType":"yaml","_type":"api_spec"}]}